,tweet_id,retweet_count,favorite_count,followers_count
0,892420643555336193,7061,34053,9228922
1,892177421306343426,5334,29540,9228922
2,891815181378084864,3507,22249,9228922
3,891689557279858688,7267,37213,9228922
4,891327558926688256,7809,35562,9228922
5,891087950875897856,2619,17951,9228922
6,890971913173991426,1683,10440,9228922
7,890729181411237888,15868,57245,9228922
8,890609185150312448,3648,24688,9228922
9,890240255349198849,6141,28173,9228922
10,890006608113172480,6190,27233,9228922
11,889880896479866881,4195,24770,9228922
12,889665388333682689,8402,42343,9228922
13,889638837579907072,3744,23839,9228922
14,889531135344209921,1889,13445,9228922
15,889278841981685760,4469,22270,9228922
16,888917238123831296,3789,25841,9228922
17,888804989199671297,3567,22634,9228922
18,888554962724278272,2901,17455,9228922
19,888078434458587136,2918,19308,9228922
20,887705289381826560,4561,26826,9228922
21,887517139158093824,9906,41044,9228922
22,887473957103951883,15130,60611,9228922
23,887343217045368832,8874,29816,9228922
24,887101392804085760,5024,27178,9228922
25,886983233522544640,6356,30594,9228922
26,886736880519319552,2652,10566,9228922
27,886680336477933568,3757,19888,9228922
28,886366144734445568,2649,18692,9228922
29,886258384151887873,5321,24713,9228922
30,885984800019947520,5658,28812,9228922
31,885528943205470208,5368,31807,9228922
32,885518971528720385,3133,18150,9228922
33,885167619883638784,3687,19390,9228922
34,884925521741709313,15134,67773,9228922
35,884876753390489601,4704,24582,9228922
36,884562892145688576,3940,21479,9228922
37,884441805382717440,4825,24049,9228922
38,884247878851493888,17012,63713,9228922
39,884162670584377345,2516,18073,9228922
40,883838122936631299,2882,19332,9228922
41,883482846933004288,8326,40524,9228922
42,883360690899218434,3102,20100,9228922
43,883117836046086144,5569,32760,9228922
44,882992080364220416,3263,21144,9228922
45,882762694511734784,4119,24964,9228922
46,882627270321602560,5101,24775,9228922
47,882268110199369728,9713,39455,9228922
48,882045870035918850,4112,25938,9228922
49,881906580714921986,2879,21608,9228922
50,881666595344535552,9021,44883,9228922
51,881536004380872706,13497,43749,9228922
52,881268444196462592,4529,20663,9228922
53,880935762899988482,2354,15180,9228922
54,880872448815771648,3228,18866,9228922
55,880465832366813184,5254,25187,9228922
56,880221127280381952,3499,23847,9228922
57,880095782870896641,3684,24529,9228922
58,879862464715927552,2945,19849,9228922
59,879492040517615616,2646,20859,9228922
60,879415818425184262,37693,93503,9228922
61,879376492567855104,2669,14968,9228922
62,879050749262655488,3981,19976,9228922
63,879008229531029506,2261,16909,9228922
64,878776093423087618,3464,17269,9228922
65,878604707211726852,5972,26631,9228922
66,878281511006478336,1087,6842,9228922
67,878057613040115712,5780,37443,9228922
68,877736472329191424,15911,69811,9228922
69,877556246731214848,3191,20088,9228922
70,877316821321428993,4376,24344,9228922
71,877201837425926144,4668,24023,9228922
72,876838120628539392,2826,18370,9228922
73,876537666061221889,4011,21220,9228922
74,876484053909872640,2016,16681,9228922
75,876120275196170240,3936,24876,9228922
76,875747767867523072,3608,22313,9228922
77,875144289856114688,4180,19553,9228922
78,875097192612077568,5159,24449,9228922
79,875021211251597312,4010,22732,9228922
80,874680097055178752,3945,24804,9228922
81,874296783580663808,3510,23164,9228922
82,874057562936811520,3408,20296,9228922
83,874012996292530176,8638,30361,9228922
84,873580283840344065,3365,21571,9228922
85,873213775632977920,1337,6364,9228922
86,872967104147763200,4590,24252,9228922
87,872820683541237760,3189,13161,9228922
88,872620804844003328,3088,18487,9228922
89,872486979161796608,7769,36397,9228922
90,872122724285648897,6888,30456,9228922
91,871879754684805121,9303,33373,9228922
92,871762521631449091,2987,18035,9228922
93,871515927908634625,2970,18033,9228922
94,871102520638267392,4725,18685,9228922
95,871032628920680449,3257,20311,9228922
96,870804317367881728,5308,30030,9228922
97,870656317836468226,2223,10971,9228922
98,870374049280663552,22933,74580,9228922
99,870308999962521604,3571,19650,9228923
100,870063196459192321,7120,32653,9228923
101,869772420881756160,8753,38315,9228923
102,869702957897576449,5421,25253,9228923
103,869596645499047938,2654,14315,9228923
104,869227993411051520,3220,18277,9228923
105,868880397819494401,12338,58393,9228923
106,868622495443632128,4518,23836,9228923
107,868552278524837888,1764,9047,9228923
108,867900495410671616,3601,21775,9228923
109,867774946302451713,6296,30483,9228923
110,867421006826221569,2126,14468,9228923
111,867051520902168576,6831,28940,9228923
112,866720684873056260,4154,17998,9228923
113,866686824827068416,2986,17270,9228923
114,866450705531457537,30425,109670,9228923
115,866334964761202691,12298,46963,9228923
116,865718153858494464,4893,23108,9228923
117,865359393868664832,4326,23772,9229343
118,865006731092295680,6718,25246,9228923
119,864873206498414592,7542,29046,9228923
120,864279568663928832,2602,13167,9228923
121,864197398364647424,7632,26819,9228923
122,863907417377173506,3616,18594,9228923
123,863553081350529029,3655,13788,9228923
124,863432100342583297,4582,21468,9229399
125,863062471531167744,2105,7583,9228923
126,862831371563274240,4495,17327,9228923
127,862722525377298433,3111,15455,9228923
128,862457590147678208,4283,18415,9228923
129,862096992088072192,20140,66795,9228923
130,861383897657036800,9337,32519,9228923
131,861288531465048066,3614,15467,9228923
132,861005113778896900,3357,15123,9228923
133,860563773140209665,1864,6774,9228923
134,860524505164394496,4638,21440,9228923
135,860276583193509888,3096,16719,9228923
136,860184849394610176,5157,15121,9228923
137,859924526012018688,3605,17775,9228923
138,859851578198683649,3089,14076,9228923
139,859607811541651456,1368,16960,9228923
140,859196978902773760,26477,81165,9228923
141,859074603037188101,12051,30656,9228923
142,858843525470990336,3044,14232,9228923
143,858471635011153920,4292,19656,9228923
144,858107933456039936,2554,14362,9228923
145,857989990357356544,2282,14618,9228923
146,857746408056729600,9417,31063,9228923
147,857393404942143489,1451,5336,9228923
148,857263160327368704,4008,18385,9228923
149,857029823797047296,3515,17182,9228923
150,856543823941562368,2564,14954,9228923
151,856282028240666624,5618,25437,9228923
152,855857698524602368,1880,10936,9228923
153,855851453814013952,16282,42338,9228923
154,855818117272018944,4843,24456,9228924
155,855459453768019968,7350,27314,9228924
156,854732716440526848,5405,20849,9228924
157,854482394044301312,6061,26818,9228924
158,854365224396361728,4200,17334,9228924
159,854120357044912130,6652,29461,9228924
160,854010172552949760,2819,14971,9228924
161,853760880890318849,5149,26286,9228924
162,853639147608842240,8946,31788,9228924
163,853299958564483072,3196,14283,9228924
164,852912242202992640,1615,8318,9228924
165,852672615818899456,1935,13767,9228924
166,852553447878664193,3142,15017,9228924
167,852311364735569921,8947,30584,9228924
168,852226086759018497,6134,18477,9228924
169,852189679701164033,1437,10651,9228924
170,851591660324737024,3148,15082,9228924
171,851464819735769094,6364,22457,9228924
172,851224888060895234,5214,19207,9228924
173,850753642995093505,8160,28381,9228924
174,850380195714523136,2356,12171,9228924
175,850145622816686080,3418,15156,9228924
176,850019790995546112,4413,18919,9228924
177,849776966551130114,6875,28142,9228924
178,849412302885593088,2861,14785,9228924
179,849336543269576704,1708,10659,9228925
180,849051919805034497,7697,39349,9228925
181,848690551926992896,3952,23468,9228925
182,848324959059550208,4193,23042,9228925
183,848212111729840128,2739,15154,9228925
184,847962785489326080,4621,21905,9228925
185,847842811428974592,1199,5061,9228925
186,847606175596138505,3120,17494,9228925
187,847251039262605312,3954,19155,9228925
188,847157206088847362,5291,18539,9228925
189,847116187444137987,2900,20054,9228925
190,846874817362120707,3583,18786,9228925
191,846514051647705089,10469,41550,9228925
192,846505985330044928,2794,13184,9228925
193,846153765933735936,8236,29379,9228925
194,846139713627017216,9247,29046,9228925
195,846042936437604353,2609,14935,9228925
196,845812042753855489,7935,27266,9228925
197,845677943972139009,4417,23648,9228925
198,845397057150107648,1635,7153,9228925
199,845306882940190720,4904,21798,9228925
200,844973813909606400,2884,14051,9228925
201,844580511645339650,2842,15415,9228925
202,844223788422217728,2000,12814,9229401
203,843981021012017153,2719,14254,9228925
204,843856843873095681,4206,20122,9228925
205,843604394117681152,2499,15864,9228925
206,843235543001513987,5471,20149,9228925
207,842846295480000512,3333,14349,9228925
208,842765311967449089,1181,6343,9228925
209,842535590457499648,3213,17066,9228925
210,842163532590374912,5308,22941,9228925
211,842115215311396866,2785,13123,9228925
212,841680585030541313,7218,24229,9228925
213,841439858740625411,3354,11844,9228925
214,841320156043304961,5072,18579,9228925
215,841314665196081154,4275,14875,9228925
216,841077006473256960,4926,21540,9228925
217,840696689258311684,897,11583,9228925
218,840632337062862849,1630,8503,9228925
219,840370681858686976,4211,15461,9229345
220,840268004936019968,5269,18073,9228925
221,839990271299457024,2093,12654,9228925
222,839549326359670784,7126,25790,9228925
223,839239871831150596,5985,25448,9228925
224,838952994649550848,3696,18532,9228925
225,838921590096166913,1873,10516,9228925
226,838561493054533637,1240,10355,9228925
227,838476387338051585,4377,21155,9228925
228,838083903487373313,2868,16617,9228925
229,837820167694528512,7211,32122,9228925
230,837482249356513284,411,3646,9228925
231,837471256429613056,2078,12088,9228925
232,837110210464448512,2193,15198,9228925
233,836989968035819520,2136,12064,9228925
234,836753516572119041,4298,18288,9228925
235,836677758902222849,2044,11952,9228925
236,836380477523124226,2772,14025,9228925
237,836260088725786625,4014,20145,9228925
238,836001077879255040,3935,18045,9228925
239,835574547218894849,3335,16816,9228925
240,835297930240217089,2765,15586,9228925
241,835264098648616962,1560,7310,9228925
242,835172783151792128,5337,24786,9228925
243,835152434251116546,2787,21117,9228925
244,834931633769889797,1501,10190,9228926
245,834786237630337024,5149,20412,9228926
246,834574053763584002,2335,12916,9228926
247,834458053273591808,1560,9108,9228927
248,834209720923721728,4376,19415,9228927
249,834167344700198914,3396,14980,9228927
250,834089966724603904,1983,9535,9228927
251,834086379323871233,2056,12361,9228927
252,833863086058651648,2227,12739,9228927
253,833826103416520705,3513,17227,9228927
254,833722901757046785,3022,19857,9228927
255,833479644947025920,1900,14130,9228927
256,833124694597443584,4479,19152,9228927
257,832998151111966721,2037,12548,9228927
258,832757312314028032,3356,16001,9228927
259,832682457690300417,2685,11240,9228927
260,832645525019123713,487,2770,9228927
261,832636094638288896,2587,15037,9228927
262,832397543355072512,2048,11342,9228927
263,832369877331693569,2954,16244,9229403
264,832273440279240704,2165,10762,9228927
265,832032802820481025,4342,16939,9228927
266,831939777352105988,5705,22669,9228927
267,831911600680497154,6028,26076,9228927
268,831670449226514432,1701,9882,9228927
269,831650051525054464,1804,6744,9228927
270,831552930092285952,2180,8530,9228927
271,831322785565769729,1453,8839,9228927
272,831315979191906304,1045,6229,9228927
273,831309418084069378,2289,11202,9228927
274,831262627380748289,1908,11274,9228927
275,830956169170665475,1387,7583,9228927
276,830583320585068544,15542,63000,9228927
277,830097400375152640,2728,9253,9228927
278,829861396166877184,1806,11640,9228927
279,829501995190984704,9862,30109,9228927
280,829449946868879360,1872,9957,9228927
281,829141528400556032,6835,23085,9228927
282,829011960981237760,15272,50723,9228927
283,828770345708580865,5442,24296,9228927
284,828708714936930305,10426,34547,9228927
285,828650029636317184,1257,9032,9228927
286,828409743546925057,1091,6080,9228927
287,828408677031882754,1197,7313,9228927
288,828381636999917570,2076,11982,9228927
289,828376505180889089,999,7038,9228927
290,828372645993398273,2746,11968,9228927
291,828361771580813312,166,2086,9228927
292,828046555563323392,2676,11138,9228927
293,828011680017821696,2013,9859,9228927
294,827933404142436356,4871,18995,9228927
295,827653905312006145,2814,14716,9228927
296,827600520311402496,870,7099,9228927
297,827324948884643840,2823,15071,9228927
298,827199976799354881,2076,10086,9228927
299,826958653328592898,4640,20476,9228927
300,826848821049180160,9423,34315,9228927
301,826598365270007810,2189,9522,9228927
302,826476773533745153,3924,17485,9228927
303,826240494070030336,2437,12616,9228927
304,826204788643753985,861,4629,9228927
305,826115272272650244,2888,14843,9228927
306,825876512159186944,1743,9993,9228927
307,825829644528148480,2350,12123,9228927
308,825535076884762624,16500,54453,9228927
309,825147591692263424,4213,17397,9229347
310,825026590719483904,1176,5960,9228927
311,824775126675836928,3299,14171,9228927
312,824663926340194305,1657,10001,9228927
313,824325613288833024,9970,11270,9228927
314,824297048279236611,3600,14337,9228927
315,824025158776213504,563,4619,9228927
316,823939628516474880,2559,10147,9228927
317,823699002998870016,2350,13327,9228927
318,823581115634085888,2460,12362,9228927
319,823322678127919110,3748,14952,9228927
320,822975315408461824,3223,16505,9228927
321,822872901745569793,40250,125005,9228927
322,822859134160621569,2125,12547,9228927
323,822610361945911296,2749,14070,9228927
324,822489057087389700,5988,17228,9228927
325,822462944365645825,13246,26452,9228927
326,822244816520155136,9273,33318,9228927
327,821886076407029760,2161,10754,9228927
328,821765923262631936,1565,7968,9228927
329,821522889702862852,1640,7630,9228927
330,821407182352777218,4024,11176,9228927
331,821149554670182400,1834,8174,9228927
332,821107785811234820,1988,9142,9228927
333,821044531881721856,2140,12037,9228927
334,820749716845686786,9286,30064,9228927
335,820690176645140481,3018,11661,9228927
336,820314633777061888,523,3187,9228927
337,820078625395449857,5845,18784,9228927
338,819952236453363712,1088,5060,9228927
339,819924195358416896,4567,12322,9228927
340,819711362133872643,2897,12723,9228927
341,819588359383371776,1873,9228,9228927
342,819347104292290561,1122,6891,9228927
343,819238181065359361,383,2153,9228927
344,819227688460238848,6285,21945,9228927
345,819006400881917954,17907,43319,9228927
346,819004803107983360,34792,83240,9228927
347,818627210458333184,7104,21387,9228927
348,818614493328580609,2365,9377,9228927
349,818536468981415936,2291,10345,9228927
350,818259473185828864,2104,10480,9228927
351,818145370475810820,2386,11687,9228927
352,817908911860748288,744,4638,9228927
353,817827839487737858,25300,48953,9228927
354,817777686764523521,2537,10285,9228927
355,817536400337801217,2748,11202,9228927
356,817423860136083457,13691,32075,9228927
357,817415592588222464,895,5336,9228927
358,817171292965273600,1883,8364,9228927
359,817120970343411712,2428,11624,9228927
360,817056546584727552,1533,8189,9228927
361,816816676327063552,1898,9556,9228927
362,816697700272001025,2068,9322,9228927
363,816450570814898180,7514,28898,9228927
364,816336735214911488,1813,8220,9228927
365,816091915477250048,1997,8538,9228927
366,815990720817401858,948,4719,9228927
367,815966073409433600,7930,21302,9228927
368,815736392542261248,2133,9380,9228927
369,815639385530101762,1565,7874,9228927
370,815390420867969024,3595,9897,9228927
371,814986499976527872,1198,7314,9228927
372,814638523311648768,2541,10764,9228927
373,814530161257443328,1750,8259,9228927
374,814153002265309185,8153,27459,9228927
375,813910438903693312,1745,8920,9228927
376,813812741911748608,13128,34884,9228928
377,813800681631023104,1662,7939,9228928
378,813217897535406080,6891,17805,9228928
379,813202720496779264,1719,8832,9228928
380,813187593374461952,4082,18988,9228928
381,813172488309972993,1818,8866,9228928
382,813157409116065792,2075,7425,9228928
383,813142292504645637,2260,8146,9228928
384,813127251579564032,2928,11290,9229348
385,813112105746448384,2580,9867,9228928
386,813096984823349248,3419,10113,9228928
387,813081950185472002,2616,9491,9228928
388,813066809284972545,1850,7600,9228928
389,813051746834595840,6902,20066,9228928
390,812781120811126785,1792,7199,9228928
391,812709060537683968,1364,6340,9228928
392,812503143955202048,1156,5792,9228928
393,812466873996607488,1809,7628,9228928
394,812372279581671427,3456,13039,9228928
395,811985624773361665,1320,6964,9228928
396,811744202451197953,1491,7213,9228928
397,811627233043480576,2877,12158,9228928
398,811386762094317568,6030,19994,9228928
399,810984652412424192,1345,5089,9229404
400,810896069567610880,1653,8610,9228928
401,810657578271330305,2487,10498,9228928
402,810284430598270976,10561,33573,9228928
403,810254108431155201,3192,14096,9228928
404,809920764300447744,3711,14899,9228928
405,809448704142938112,1380,6658,9228928
406,809220051211603969,5291,19044,9228928
407,809084759137812480,3331,12659,9228928
408,808838249661788160,2881,9715,9228928
409,808733504066486276,2041,7559,9228928
410,808501579447930884,2469,10852,9228928
411,808344865868283904,19588,40471,9228928
412,808106460588765185,2082,8463,9228928
413,808001312164028416,3339,11954,9228928
414,807621403335917568,3416,13965,9228928
415,807106840509214720,52046,112452,9228928
416,807010152071229440,3667,12595,9228928
417,806629075125202948,32602,71121,9228928
418,806576416489959424,1840,4686,9228928
419,806542213899489280,2233,9792,9228928
420,806219024703037440,1142,6179,9228928
421,805932879469572096,1817,7945,9228928
422,805826884734976000,1725,6291,9228928
423,805520635690676224,1566,5527,9228928
424,805487436403003392,2388,8416,9228928
425,805207613751304193,1634,7538,9228928
426,804738756058218496,3620,13089,9228928
427,804475857670639616,1906,5893,9228928
428,804026241225523202,15150,42367,9228928
429,803773340896923648,2598,9631,9228928
430,803638050916102144,3916,10448,9228928
431,803380650405482500,1779,7453,9228928
432,803276597545603072,2310,9624,9228928
433,802952499103731712,1894,8641,9228928
434,802600418706604034,1389,6823,9228928
435,802572683846291456,2376,8590,9228928
436,802323869084381190,5520,15466,9228928
437,802239329049477120,2474,8723,9228927
438,801958328846974976,1608,7423,9228927
439,801538201127157760,1970,7887,9228927
440,801285448605831168,780,5802,9228927
441,801167903437357056,5558,23365,9228927
442,801115127852503040,1994,7739,9228927
443,800751577355128832,2656,10162,9228927
444,800513324630806528,2848,12609,9229347
445,800459316964663297,2073,9117,9228927
446,800388270626521089,2644,10694,9228927
447,800141422401830912,2408,14634,9228927
448,800018252395122689,12406,27093,9228927
449,799757965289017345,2023,8043,9228927
450,799422933579902976,1814,7755,9228927
451,799297110730567681,2587,9460,9228927
452,799063482566066176,2358,7746,9228927
453,798933969379225600,4186,12514,9228927
454,798925684722855936,1373,7217,9228927
455,798209839306514432,2436,10006,9228927
456,797971864723324932,2911,11059,9228927
457,797545162159308800,4647,13988,9228927
458,797236660651966464,6201,19079,9228927
459,796865951799083009,1845,7373,9228927
460,796759840936919040,2862,11299,9228927
461,796484825502875648,1665,7251,9228927
462,796387464403357696,3917,10539,9228927
463,796149749086875649,13471,30760,9228927
464,796125600683540480,1696,4766,9228927
465,796116448414461957,2267,8715,9228927
466,796080075804475393,2183,8083,9228927
467,796031486298386433,3523,10361,9228927
468,795464331001561088,22129,47129,9228927
469,795400264262053889,2699,9589,9228927
470,795076730285391872,5140,15456,9228927
471,794926597468000259,2177,9759,9228927
472,794332329137291264,2553,9220,9228927
473,794205286408003585,3138,8841,9228927
474,793962221541933056,4619,16038,9228927
475,793845145112371200,1757,8838,9228927
476,793601777308463104,1525,7640,9228927
477,793500921481273345,2249,10203,9228927
478,793286476301799424,8655,23522,9228927
479,793271401113350145,2267,8323,9228927
480,793256262322548741,7874,19071,9228927
481,793241302385262592,3106,10062,9228927
482,793226087023144960,2737,9355,9228927
483,793210959003287553,2628,8543,9228927
484,793195938047070209,5319,14554,9228927
485,793180763617361921,1876,6616,9228927
486,793165685325201412,2639,8981,9228927
487,793150605191548928,1603,5901,9228927
488,793135492858580992,2373,6132,9228927
489,793120401413079041,3709,12119,9228927
490,792913359805018113,3738,13699,9228927
491,792883833364439040,4044,10800,9228927
492,792773781206999040,1586,7061,9228927
493,792394556390137856,4045,12811,9229403
494,792050063153438720,1683,6835,9228927
495,791774931465953280,20916,43043,9228927
496,791672322847637504,2947,11237,9228927
497,791406955684368384,3888,12583,9228927
498,791312159183634433,2386,8388,9228927
499,790987426131050500,2003,9378,9228952
500,790946055508652032,4419,15974,9228952
501,790698755171364864,1818,7874,9228952
502,790581949425475584,6703,19714,9228952
503,790337589677002753,1785,7487,9228952
504,790277117346975746,2981,11996,9228952
505,789986466051088384,2168,8874,9228952
506,789903600034189313,3906,9867,9228952
507,789628658055020548,1660,7148,9228952
508,789599242079838210,1806,6428,9228952
509,789530877013393408,3180,11183,9228952
510,789314372632018944,2157,8258,9228952
511,789268448748703744,2464,8729,9228952
512,789137962068021249,2628,9301,9228952
513,788908386943430656,11786,26279,9228952
514,788765914992902144,9738,26120,9228952
515,788412144018661376,4968,14825,9228952
516,788178268662984705,1989,6941,9228952
517,788150585577050112,1208,5833,9229337
518,788039637453406209,1241,5834,9229337
519,787810552592695296,2862,8211,9228952
520,787717603741622272,2607,9791,9228952
521,787397959788929025,2693,10418,9228952
522,787322443945877504,1638,7454,9228952
523,786963064373534720,7502,25475,9228952
524,786709082849828864,5775,17484,9228952
525,786664955043049472,2384,10124,9228952
526,786595970293370880,2954,9061,9228952
527,786363235746385920,3248,10359,9228952
528,786286427768250368,2668,7611,9228952
529,786233965241827333,4427,14523,9228952
530,785927819176054784,3013,10902,9228952
531,785872687017132033,1686,6389,9228952
532,785639753186217984,2115,7524,9228952
533,785533386513321988,1853,8657,9228952
534,785515384317313025,1179,5851,9228952
535,785264754247995392,1528,6947,9228952
536,785170936622350336,4534,11457,9228952
537,784826020293709826,3026,9629,9228952
538,784517518371221505,2378,8571,9228952
539,784431430411685888,1194,5478,9228952
540,784183165795655680,7528,19090,9228952
541,784057939640352768,10423,28312,9228952
542,783839966405230592,10128,28592,9228952
543,783821107061198850,1839,7035,9228952
544,783695101801398276,3013,9934,9228952
545,783466772167098368,2089,8044,9228952
546,783391753726550016,5126,16106,9228952
547,783334639985389568,10954,27682,9228952
548,783085703974514689,2038,7795,9228952
549,782969140009107456,6943,23004,9228952
550,782747134529531904,1330,7127,9228952
551,782722598790725632,5049,16417,9228952
552,782598640137187329,1775,7444,9228952
553,782305867769217024,5166,15829,9228952
554,781955203444699136,3164,10649,9228952
555,781661882474196992,2544,9942,9228952
556,781655249211752448,1063,3813,9228952
557,781524693396357120,5186,19734,9228952
558,781308096455073793,2396,6798,9228952
559,781251288990355457,1946,7973,9228952
560,781163403222056960,2599,9347,9228952
561,780931614150983680,6800,20620,9228952
562,780858289093574656,1881,6866,9228952
563,780800785462489090,1208,5229,9228952
564,780601303617732608,3136,11522,9228952
565,780543529827336192,1640,5990,9228952
566,780459368902959104,1011,5039,9228952
567,780192070812196864,2108,8270,9229337
568,780074436359819264,4613,11511,9228952
569,779834332596887552,6545,17873,9228952
570,779377524342161408,2912,8325,9228952
571,779056095788752897,4243,14032,9228952
572,778990705243029504,6694,18881,9228952
573,778764940568104960,339,825,9228952
574,778748913645780993,1217,6513,9228952
575,778650543019483137,1399,5449,9228952
576,778624900596654080,944,4366,9228952
577,778408200802557953,4036,12952,9228952
578,778383385161035776,1025,5541,9228952
579,778286810187399168,3089,9829,9228952
580,778039087836069888,2485,8039,9228952
581,778027034220126208,1501,6238,9228952
582,777885040357281792,1525,6036,9228952
583,777684233540206592,2745,10702,9228952
584,777621514455814149,2353,8289,9228952
585,777189768882946048,4014,13425,9228952
586,776813020089548800,1124,4638,9228952
587,776477788987613185,2581,8311,9228952
588,776218204058357768,14822,28298,9228952
589,776201521193218049,2354,9078,9228952
590,776113305656188928,4061,11201,9228952
591,776088319444877312,142,1729,9228952
592,775842724423557120,2482,11124,9228952
593,775733305207554048,3728,13188,9228952
594,775729183532220416,4316,12355,9228952
595,775364825476165632,2741,6993,9229395
596,775350846108426240,3649,9642,9228952
597,775085132600442880,4411,14751,9228952
598,774757898236878852,1668,8200,9228952
599,774639387460112384,1621,6400,9228952
600,774314403806253056,5127,20687,9228952
601,773985732834758656,3605,10229,9228952
602,773922284943896577,1634,6102,9228952
603,773704687002451968,1507,6277,9228952
604,773670353721753600,1234,5092,9228952
605,773547596996571136,5734,20964,9228952
606,773308824254029826,7009,22169,9228952
607,773247561583001600,3032,8960,9228952
608,773191612633579521,3836,9468,9228952
609,772877495989305348,3602,8099,9228952
610,772826264096874500,2225,7623,9228952
611,772581559778025472,1595,6162,9228952
612,772193107915964416,1301,5714,9228952
613,772152991789019136,1061,3618,9228952
614,772117678702071809,691,3575,9228952
615,772114945936949249,441,2600,9228952
616,772102971039580160,873,3795,9228952
617,771908950375665664,1766,6229,9228952
618,771770456517009408,3164,11390,9228952
619,771500966810099713,2436,7836,9228952
620,771380798096281600,4713,9980,9228952
621,771136648247640064,2730,8678,9228952
622,771102124360998913,1343,5910,9228952
623,771014301343748096,1548,6532,9228952
624,770787852854652928,1112,4653,9228952
625,770772759874076672,1333,4925,9228952
626,770655142660169732,1675,6972,9228952
627,770414278348247044,1941,5993,9228952
628,770293558247038976,1364,5890,9228952
629,770069151037685760,2136,7204,9228952
630,769940425801170949,8900,29505,9228952
631,769695466921623552,1570,6098,9228952
632,769212283578875904,1610,5114,9228952
633,768970937022709760,6045,13514,9228952
634,768855141948723200,831,3967,9228952
635,768609597686943744,1111,3889,9228952
636,768596291618299904,1195,4767,9228952
637,768473857036525572,3179,12868,9228952
638,768193404517830656,3290,10267,9228952
639,767884188863397888,1272,4499,9228952
640,767754930266464257,4997,15116,9228952
641,767500508068192258,2167,7102,9228952
642,767191397493538821,3498,11617,9228952
643,767122157629476866,2670,9617,9228952
644,766793450729734144,1263,4787,9228952
645,766693177336135680,735,3815,9228952
646,766423258543644672,1464,5677,9228952
647,766313316352462849,1745,6390,9228952
648,766069199026450432,786,3979,9228952
649,766008592277377025,464,3568,9228952
650,765719909049503744,2008,6857,9228952
651,765669560888528897,1140,4897,9228952
652,765395769549590528,3134,25316,9228952
653,765371061932261376,2020,6737,9228952
654,765222098633691136,3138,11002,9228952
655,764857477905154048,1656,6128,9228952
656,764259802650378240,1408,5682,9228952
657,763837565564780549,3849,11851,9228952
658,763183847194451968,1378,5097,9228952
659,763103485927849985,2143,6985,9228952
660,762699858130116608,3343,11449,9228952
661,762471784394268675,5961,10587,9228952
662,762464539388485633,3877,9715,9228952
663,762316489655476224,1031,4531,9228952
664,762035686371364864,14393,29985,9229337
665,761976711479193600,1847,5091,9228952
666,761745352076779520,800,4058,9228952
667,761672994376806400,26962,46612,9228952
668,761599872357261312,1109,3914,9228952
669,761334018830917632,1351,4870,9228952
670,761292947749015552,1011,4238,9228952
671,761227390836215808,1459,5038,9228952
672,761004547850530816,3238,10726,9228952
673,760893934457552897,900,3599,9228952
674,760656994973933572,1762,6219,9228952
675,760641137271070720,1197,4717,9228952
676,760539183865880579,3367,7130,9228952
677,760521673607086080,1294,3960,9228952
678,760290219849637889,10647,25291,9228952
679,760252756032651264,805,3737,9228952
680,760190180481531904,1664,5396,9228952
681,759943073749200896,1940,5587,9228952
682,759846353224826880,1816,6341,9228952
683,759793422261743616,1772,5621,9228952
684,759557299618865152,1114,4429,9228952
685,759447681597108224,2290,8007,9228952
686,759446261539934208,457,1577,9228952
687,759197388317847553,1813,5744,9228952
688,759099523532779520,3853,13727,9228952
689,759047813560868866,1859,6121,9228952
690,758854675097526272,851,3357,9228952
691,758828659922702336,3579,10580,9228952
692,758740312047005698,1507,5413,9228952
693,758474966123810816,925,3581,9228952
694,758467244762497024,2041,4509,9228952
695,758405701903519748,1772,4901,9229395
696,758355060040593408,974,3178,9228952
697,758099635764359168,9222,17860,9228952
698,758041019896193024,344,2549,9228952
699,757741869644341248,3049,6463,9228952
700,757725642876129280,1119,4273,9228952
701,757611664640446465,1015,4320,9228952
702,757596066325864448,965,4098,9228952
703,757400162377592832,6365,14237,9228952
704,757393109802180609,1591,5482,9228952
705,757354760399941633,1307,4240,9228952
706,756998049151549440,1847,5907,9228952
707,756939218950160384,1853,6266,9228952
708,756651752796094464,1200,4743,9228952
709,756526248105566208,3323,9772,9228952
710,756303284449767430,1017,3725,9228952
711,756288534030475264,16437,41524,9228952
712,756275833623502848,1418,6026,9228952
713,755955933503782912,2655,6869,9228952
714,755206590534418437,4943,15420,9228952
715,755110668769038337,10266,19893,9228952
716,754856583969079297,2322,6489,9228952
717,754747087846248448,481,2431,9228952
718,754482103782404096,1809,4975,9228952
719,754449512966619136,677,3527,9228952
720,754120377874386944,2183,7443,9228952
721,753655901052166144,2009,5491,9228952
722,753420520834629632,3261,7395,9228952
723,753398408988139520,1750,5395,9228952
724,753375668877008896,2151,7200,9228952
725,753294487569522689,965,3149,9228952
726,753039830821511168,19323,34836,9228952
727,753026973505581056,884,3688,9228952
728,752932432744185856,6344,11838,9228952
729,752917284578922496,1452,6546,9228952
730,752682090207055872,1472,5645,9228952
731,752660715232722944,1441,4108,9228952
732,752568224206688256,2104,5151,9228952
733,752519690950500352,3186,6905,9228952
734,752334515931054080,1015,3617,9228952
735,752173152931807232,1685,5581,9228952
736,751950017322246144,841,2873,9228952
737,751937170840121344,1209,4861,9228952
738,751830394383790080,1805,5468,9228952
739,751793661361422336,2646,5443,9228952
740,751598357617971201,2851,7472,9228952
741,751583847268179968,1011,4133,9228952
742,751538714308972544,1156,4758,9228952
743,751456908746354688,926,3033,9228952
744,751251247299190784,5432,11824,9228952
745,751205363882532864,1681,5944,9228952
746,751132876104687617,1195,4769,9228952
747,750868782890057730,1260,4497,9228952
748,750719632563142656,4623,12361,9228952
749,750506206503038976,1064,4172,9228952
750,750429297815552001,3950,12372,9228952
751,750383411068534784,1046,4294,9228952
752,750147208377409536,880,2939,9228952
753,750132105863102464,1193,3401,9228952
754,750117059602808832,1219,4092,9228952
755,750101899009982464,779,2864,9228952
756,750086836815486976,496,2041,9228952
757,750071704093859840,3054,7308,9228952
758,750056684286914561,830,2970,9228952
759,750041628174217216,570,2983,9228952
760,750026558547456000,726,2551,9228952
761,750011400160841729,827,3028,9228952
762,749996283729883136,763,2856,9228952
763,749981277374128128,2290,4810,9228952
764,749774190421639168,1226,4387,9228952
765,749417653287129088,1523,5726,9228952
766,749403093750648834,495,2459,9228952
767,749395845976588288,3184,8006,9228952
768,749317047558017024,2061,5137,9228952
769,749075273010798592,1905,5397,9228952
770,749064354620928000,1423,4528,9228952
771,749036806121881602,733,2899,9228952
772,748977405889503236,3158,10111,9228952
773,748932637671223296,2077,5446,9228952
774,748705597323898880,884,2607,9228952
775,748699167502000129,1465,4448,9228952
776,748692773788876800,1236,3972,9228952
777,748575535303884801,1824,5677,9229337
778,748568946752774144,616,2068,9228952
779,748346686624440324,1134,4897,9228952
780,748337862848962560,3762,7110,9228952
781,748324050481647620,701,3476,9229337
782,748307329658011649,661,3470,9228952
783,748220828303695873,7178,13238,9228952
784,747963614829678593,1971,5425,9228952
785,747933425676525569,2372,6222,9228952
786,747885874273214464,885,2739,9228952
787,747844099428986880,681,2652,9228952
788,747816857231626240,1067,4528,9228952
789,747648653817413632,5369,12052,9228952
790,747600769478692864,524,2183,9228952
791,747594051852075008,956,3447,9228952
792,747512671126323200,1489,5165,9228952
793,747461612269887489,955,3626,9228952
794,747439450712596480,1762,5071,9228952
795,747219827526344708,1454,4929,9228952
796,747204161125646336,840,3147,9228952
797,747103485104099331,3656,8950,9228952
798,746872823977771008,1964,5615,9228952
799,746790600704425984,1474,4545,9228952
800,746757706116112384,3581,8919,9228952
801,746726898085036033,1652,5675,9228952
802,746542875601690625,1757,4721,9228952
803,746507379341139972,996,4368,9228952
804,746369468511756288,1501,5809,9228952
805,746131877086527488,2018,6437,9228952
806,746056683365994496,753,3347,9228952
807,745789745784041472,971,3717,9228952
808,745712589599014916,2148,6551,9228952
809,745433870967832576,2330,6597,9228952
810,745422732645535745,2215,8000,9228952
811,745314880350101504,2506,6648,9228952
812,745074613265149952,3209,7326,9228952
813,745057283344719872,2070,6811,9228952
814,744995568523612160,571,2771,9228952
815,744971049620602880,2461,7352,9228952
816,744709971296780288,1453,5259,9228952
817,744334592493166593,1951,6374,9228952
818,744234799360020481,71231,145666,9228952
819,744223424764059648,329,1543,9228952
820,743980027717509120,1012,3927,9228952
821,743895849529389061,888,3428,9228952
822,743609206067040256,1280,4187,9228952
823,743595368194129920,6004,17086,9228952
824,743545585370791937,869,3300,9228952
825,743510151680958465,3440,7457,9228952
826,743253157753532416,1130,3959,9228952
827,743222593470234624,1760,5781,9228952
828,743210557239623680,1248,3579,9228952
829,742534281772302336,3302,6603,9228952
830,742528092657332225,1806,4138,9228952
831,742465774154047488,3627,6802,9228952
832,742423170473463808,3460,9171,9228952
833,742385895052087300,1790,6339,9228952
834,742161199639494656,1255,4025,9228952
835,742150209887731712,1419,4754,9228952
836,741793263812808706,1393,4244,9228952
837,741743634094141440,2527,7598,9228952
838,741438259667034112,754,3442,9228952
839,741303864243200000,2953,8206,9228952
840,741099773336379392,5063,9301,9228952
841,741067306818797568,2834,8932,9228952
842,740995100998766593,2495,5877,9228952
843,740711788199743490,872,3168,9228952
844,740699697422163968,715,2674,9228952
845,740676976021798912,6259,16968,9228952
846,740373189193256964,12226,32838,9228952
847,740365076218183684,391,2274,9228952
848,740359016048689152,801,3064,9228952
849,740214038584557568,1799,6236,9228952
850,739979191639244800,5420,18646,9228952
851,739932936087216128,991,3792,9228952
852,739844404073074688,799,3551,9228952
853,739623569819336705,1248,3517,9228952
854,739606147276148736,1502,5034,9228952
855,739544079319588864,19410,36727,9228952
856,739485634323156992,2661,6639,9228952
857,739238157791694849,53253,107887,9228952
858,738885046782832640,1054,3525,9228952
859,738883359779196928,726,3064,9228952
860,738537504001953792,1408,4737,9228952
861,738402415918125056,748,3036,9228952
862,738184450748633089,1117,4005,9228952
863,738166403467907072,3058,8143,9229395
864,738156290900254721,587,2307,9228952
865,737826014890496000,1622,4874,9228952
866,737800304142471168,3190,9334,9228952
867,737678689543020544,1215,4670,9228952
868,737445876994609152,4100,9523,9228952
869,737322739594330112,744,3349,9228952
870,737310737551491075,6791,13627,9228952
871,736736130620620800,1557,3923,9228952
872,736392552031657984,6708,16475,9228952
873,736365877722001409,1124,3703,9229395
874,736225175608430592,2562,7555,9228952
875,736010884653420544,2726,7313,9228952
876,735991953473572864,1042,3318,9228952
877,735648611367784448,1024,3763,9228952
878,735635087207878657,2160,5708,9228952
879,735274964362878976,4586,12128,9228952
880,735256018284875776,811,3095,9228952
881,735137028879360001,890,2906,9228952
882,734912297295085568,479,2567,9228952
883,734787690684657664,5798,11655,9228952
884,734776360183431168,494,2343,9228952
885,734559631394082816,358,1384,9228952
886,733828123016450049,723,3328,9228952
887,733822306246479872,941,3415,9228952
888,733482008106668032,857,2898,9228952
889,733460102733135873,1150,3899,9228952
890,733109485275860992,15639,49733,9228952
891,732732193018155009,487,2255,9228952
892,732726085725589504,808,3319,9228952
893,732585889486888962,719,3387,9228952
894,732375214819057664,2301,7492,9228952
895,732005617171337216,4918,13797,9229395
896,731285275100512256,909,3252,9228952
897,731156023742988288,1148,3570,9228952
898,730924654643314689,1803,5692,9228952
899,730573383004487680,1936,4508,9228952
900,730427201120833536,949,3225,9228952
901,730211855403241472,966,3528,9228952
902,730196704625098752,1716,4474,9228952
903,729854734790754305,1026,3748,9229337
904,729823566028484608,1137,3682,9228952
905,729463711119904772,2112,5362,9228952
906,729113531270991872,290,1752,9228952
907,728986383096946689,745,2911,9228952
908,728760639972315136,1556,4336,9228952
909,728751179681943552,621,2567,9228952
910,728653952833728512,957,3084,9228952
911,728409960103686147,1838,4542,9228952
912,728387165835677696,884,3451,9228952
913,728046963732717569,1092,3972,9228952
914,728035342121635841,1525,4202,9228952
915,728015554473250816,1002,3826,9228952
916,727685679342333952,581,2761,9228952
917,727644517743104000,1604,5445,9228952
918,727524757080539137,1101,4149,9228952
919,727314416056803329,678,3086,9228952
920,727286334147182592,753,2853,9228952
921,727175381690781696,1255,3620,9228952
922,727155742655025152,1209,3353,9228952
923,726935089318363137,2228,6352,9228952
924,726887082820554753,1383,3557,9228952
925,726828223124897792,928,3333,9228952
926,726224900189511680,1051,4118,9228952
927,725842289046749185,2442,6577,9228952
928,725786712245440512,1261,3884,9228952
929,725729321944506368,1621,4836,9228952
930,725458796924002305,563,1311,9228952
931,724983749226668032,1181,3462,9228952
932,724771698126512129,571,2173,9228952
933,724405726123311104,1529,4907,9228952
934,724049859469295616,1635,4015,9228952
935,724046343203856385,514,2476,9228952
936,724004602748780546,1404,3860,9228952
937,723912936180330496,1139,3627,9228952
938,723688335806480385,2664,7097,9228952
939,723673163800948736,820,2816,9228952
940,723179728551723008,1709,4896,9228952
941,722974582966214656,1450,3808,9228952
942,722613351520608256,1503,4621,9228952
943,721503162398597120,1660,4270,9228952
944,721001180231503872,559,2368,9228952
945,720785406564900865,704,2881,9228952
946,720775346191278080,578,2272,9228952
947,720415127506415616,1376,3826,9228952
948,720389942216527872,2284,5916,9228952
949,720340705894408192,890,2646,9228952
950,720059472081784833,1030,3584,9228952
951,720043174954147842,1842,4614,9228952
952,719991154352222208,1607,4513,9228952
953,719704490224398336,1308,4213,9228952
954,719551379208073216,1726,4680,9228952
955,719367763014393856,692,2615,9228952
956,719339463458033665,1130,4142,9228952
957,719332531645071360,868,3204,9228952
958,718971898235854848,989,3224,9228952
959,718939241951195136,1600,4844,9228952
960,718631497683582976,7308,17528,9228952
961,718613305783398402,432,2273,9228952
962,718540630683709445,929,2258,9228952
963,718460005985447936,481,2524,9228952
964,718454725339934721,1390,4540,9228952
965,718246886998687744,452,1772,9228952
966,718234618122661888,919,3599,9228952
967,717841801130979328,551,2291,9228952
968,717790033953034240,997,2651,9228952
969,717537687239008257,1681,5363,9228952
970,717428917016076293,409,1494,9228952
971,717421804990701568,766,2912,9228952
972,717047459982213120,1755,5849,9228952
973,717009362452090881,879,3004,9228952
974,716802964044845056,1060,3989,9228952
975,716791146589110272,1467,7805,9228952
976,716730379797970944,398,1141,9228952
977,716447146686459905,5367,12109,9228952
978,716439118184652801,194,2219,9228952
979,716285507865542656,973,2579,9228952
980,716080869887381504,1725,6303,9228952
981,715928423106027520,803,2956,9228952
982,715758151270801409,1304,3447,9228952
983,715733265223708672,1549,4329,9228952
984,715704790270025728,518,2579,9228952
985,715696743237730304,1182,3642,9228952
986,715680795826982913,1461,3999,9228952
987,715360349751484417,1426,5075,9228952
988,715342466308784130,630,2816,9228952
989,715220193576927233,598,2238,9228952
990,715200624753819648,1709,4797,9228952
991,715009755312439296,1117,3849,9228952
992,714982300363173890,943,3458,9228952
993,714962719905021952,3879,6809,9228952
994,714957620017307648,1294,3848,9228952
995,714631576617938945,908,3044,9228952
996,714606013974974464,842,3374,9228952
997,714485234495041536,1022,2473,9228952
998,714258258790387713,676,2842,9228952
999,714251586676113411,772,3051,9228952
1000,714214115368108032,808,2130,9228952
1001,714141408463036416,1291,4036,9228952
1002,713919462244790272,730,3066,9228952
1003,713909862279876608,494,1765,9228952
1004,713900603437621249,668,2639,9228952
1005,713761197720473600,1250,4503,9228952
1006,713411074226274305,1198,4125,9228952
1007,713177543487135744,2614,6700,9228952
1008,713175907180089344,1344,4126,9228952
1009,712809025985978368,6137,17697,9228952
1010,712717840512598017,4544,11418,9228952
1011,712668654853337088,1110,3854,9228952
1012,712438159032893441,1434,4946,9228952
1013,712309440758808576,24,222,9228952
1014,712097430750289920,948,3498,9228952
1015,712092745624633345,820,2735,9228952
1016,712085617388212225,445,3043,9228952
1017,712065007010385924,574,2086,9228952
1018,711968124745228288,2114,7485,9228952
1019,711743778164514816,917,2636,9228952
1020,711732680602345472,3734,8153,9228952
1021,711694788429553666,16779,30538,9228952
1022,711652651650457602,833,3574,9228952
1023,711363825979756544,1025,3351,9228952
1024,711306686208872448,683,3079,9228952
1025,711008018775851008,562,2768,9228952
1026,710997087345876993,1274,4253,9228952
1027,710844581445812225,621,2370,9228952
1028,710833117892898816,484,2493,9228952
1029,710658690886586372,523,2157,9229395
1030,710609963652087808,2173,4463,9228952
1031,710588934686908417,1716,4208,9228952
1032,710296729921429505,674,2219,9228952
1033,710283270106132480,486,2014,9228952
1034,710272297844797440,1157,4181,9228952
1035,710269109699739648,1028,2214,9228952
1036,710153181850935296,820,2703,9228952
1037,710140971284037632,813,2544,9228952
1038,710117014656950272,1800,5065,9228952
1039,709918798883774466,1003,3256,9228952
1040,709901256215666688,95,612,9229337
1041,709852847387627521,1103,3259,9228952
1042,709566166965075968,1085,3286,9228952
1043,709556954897764353,986,3047,9228952
1044,709519240576036864,219,1396,9228952
1045,709449600415961088,522,2039,9228952
1046,709409458133323776,626,2444,9228952
1047,709225125749587968,525,2227,9228952
1048,709207347839836162,5229,11518,9228952
1049,709198395643068416,593,2287,9228952
1050,709179584944730112,615,1869,9228952
1051,709158332880297985,370,1886,9228952
1052,709042156699303936,1495,4375,9228952
1053,708853462201716736,597,1674,9228952
1054,708845821941387268,813,2756,9228952
1055,708834316713893888,459,1566,9228952
1056,708810915978854401,6319,15356,9228952
1057,708738143638450176,750,2561,9228953
1058,708711088997666817,649,2355,9228953
1059,708479650088034305,626,2365,9228953
1060,708469915515297792,738,2875,9228953
1061,708400866336894977,9165,14786,9228953
1062,708356463048204288,1211,3327,9228953
1063,708349470027751425,681,2203,9228953
1064,708149363256774660,1422,4014,9228953
1065,708130923141795840,788,3131,9228953
1066,708119489313951744,902,2497,9228953
1067,708109389455101952,507,1815,9228953
1068,708026248782585858,1765,4094,9228953
1069,707995814724026368,1023,2896,9228953
1070,707969809498152960,874,2505,9229338
1071,707776935007539200,878,3032,9228953
1072,707741517457260545,560,2305,9228953
1073,707738799544082433,2226,3756,9228953
1074,707693576495472641,921,3149,9228953
1075,707629649552134146,794,2380,9228953
1076,707610948723478529,5789,15765,9228953
1077,707420581654872064,638,2088,9228953
1078,707411934438625280,550,2132,9228953
1079,707387676719185920,1155,3239,9228953
1080,707377100785885184,986,3038,9228953
1081,707315916783140866,587,2307,9229338
1082,707297311098011648,717,2599,9228953
1083,707059547140169728,623,2419,9228953
1084,707038192327901184,725,2031,9228953
1085,707021089608753152,1241,3776,9228953
1086,707014260413456384,549,2133,9228953
1087,706904523814649856,7183,13554,9228953
1088,706901761596989440,529,1900,9228953
1089,706681918348251136,898,3054,9228953
1090,706644897839910912,995,2371,9228953
1091,706593038911545345,585,2002,9228953
1092,706538006853918722,1309,3222,9228953
1093,706516534877929472,940,2896,9228953
1094,706346369204748288,847,3200,9228953
1095,706310011488698368,7200,19712,9228953
1096,706291001778950144,440,1579,9228953
1097,706265994973601792,857,2540,9228953
1098,706169069255446529,2015,3618,9228953
1099,706166467411222528,1470,4770,9228953
1100,706153300320784384,347,1373,9228953
1101,705975130514706432,670,2883,9228953
1102,705970349788291072,807,2953,9228953
1103,705898680587526145,503,2204,9228953
1104,705591895322394625,1044,2942,9228953
1105,705475953783398401,838,2773,9228953
1106,705442520700944385,1476,4094,9228953
1107,705428427625635840,1534,3543,9228953
1108,705239209544720384,681,2794,9228953
1109,705223444686888960,726,2398,9228953
1110,705102439679201280,478,1984,9228953
1111,705066031337840642,558,2034,9228953
1112,704859558691414016,481,2091,9228953
1113,704847917308362754,1382,4737,9228953
1114,704819833553219584,903,2463,9228953
1115,704761120771465216,2662,6184,9228953
1116,704499785726889984,914,2683,9228953
1117,704480331685040129,990,3169,9228953
1118,704364645503647744,3254,7403,9228953
1119,704347321748819968,316,1458,9228953
1120,704134088924532736,414,1399,9228953
1121,704113298707505153,524,1726,9228953
1122,704054845121142784,846,2711,9228953
1123,703774238772166656,408,1719,9228953
1124,703769065844768768,1029,3035,9228953
1125,703631701117943808,606,2378,9228953
1126,703611486317502464,1392,3577,9228953
1127,703407252292673536,626,2272,9228953
1128,703382836347330562,1041,3246,9228953
1129,703356393781329922,350,1782,9228953
1130,703268521220972544,496,1840,9228953
1131,703079050210877440,2829,6871,9228953
1132,703041949650034688,11412,24531,9228953
1133,702932127499816960,658,2387,9228953
1134,702899151802126337,414,1492,9228953
1135,702684942141153280,971,3008,9228953
1136,702671118226825216,512,2033,9228953
1137,702598099714314240,3162,11417,9228953
1138,702539513671897089,882,2674,9228953
1139,702332542343577600,1399,2957,9229396
1140,702321140488925184,959,3059,9228953
1141,702276748847800320,699,2300,9228953
1142,702217446468493312,1233,4437,9228953
1143,701981390485725185,903,3192,9228953
1144,701952816642965504,941,3575,9228953
1145,701889187134500865,1266,3279,9228953
1146,701805642395348998,1521,3154,9228953
1147,701601587219795968,420,1948,9228953
1148,701570477911896070,850,2602,9228953
1149,701545186879471618,556,2480,9228953
1150,701214700881756160,4676,11366,9228953
1151,700890391244103680,514,2060,9228953
1152,700864154249383937,567,2425,9228953
1153,700847567345688576,453,2295,9228953
1154,700796979434098688,868,2271,9228953
1155,700747788515020802,8525,21182,9228953
1156,700518061187723268,729,2422,9228953
1157,700505138482569216,527,2129,9228953
1158,700462010979500032,1635,3816,9228953
1159,700167517596164096,663,2454,9228953
1160,700151421916807169,619,2076,9228953
1161,700143752053182464,2466,6984,9228953
1162,700062718104104960,623,2466,9229396
1163,700029284593901568,536,1933,9228953
1164,700002074055016451,1217,3052,9228953
1165,699801817392291840,860,2793,9228953
1166,699788877217865730,475,2080,9228953
1167,699779630832685056,1122,2527,9228953
1168,699775878809702401,547,1823,9228953
1169,699691744225525762,4202,9543,9228953
1170,699446877801091073,2419,5559,9228953
1171,699434518667751424,470,2046,9228953
1172,699423671849451520,293,1259,9228953
1173,699413908797464576,579,1941,9228953
1174,699370870310113280,397,1759,9228953
1175,699323444782047232,786,2921,9228953
1176,699088579889332224,571,2100,9228953
1177,699079609774645248,582,2276,9228953
1178,699072405256409088,1086,2747,9228953
1179,699060279947165696,1639,3463,9228953
1180,699036661657767936,1102,2423,9228953
1181,698989035503689728,884,3100,9228953
1182,698953797952008193,838,2510,9228953
1183,698907974262222848,558,2359,9228953
1184,698710712454139905,623,2292,9228953
1185,698703483621523456,339,1337,9228953
1186,698635131305795584,318,1205,9228953
1187,698549713696649216,564,2162,9228953
1188,698355670425473025,400,1715,9228953
1189,698342080612007937,879,2093,9228953
1190,698262614669991936,1811,4436,9228953
1191,698195409219559425,5488,15653,9228953
1192,698178924120031232,682,2614,9228953
1193,697995514407682048,309,1421,9228953
1194,697990423684476929,1180,3046,9228953
1195,697943111201378304,621,2221,9228953
1196,697881462549430272,1065,2808,9228953
1197,697630435728322560,501,1613,9228953
1198,697616773278015490,928,2910,9228953
1199,697596423848730625,1148,2801,9228953
1200,697575480820686848,460,1904,9228953
1201,697516214579523584,1008,1893,9228953
1202,697482927769255936,612,2257,9228953
1203,697463031882764288,1283,3197,9228953
1204,697270446429966336,1728,4385,9228953
1205,697259378236399616,911,3066,9228953
1206,697255105972801536,1063,2865,9228953
1207,697242256848379904,621,2350,9228953
1208,696900204696625153,948,2945,9228953
1209,696894894812565505,624,2191,9228953
1210,696886256886657024,1640,4487,9228953
1211,696877980375769088,647,2281,9228953
1212,696754882863349760,330,1379,9228953
1213,696744641916489729,844,1910,9228953
1214,696713835009417216,590,2195,9228953
1215,696518437233913856,1583,3663,9228953
1216,696488710901260288,933,2326,9228953
1217,696405997980676096,1060,2955,9228953
1218,696100768806522880,590,1796,9228953
1219,695816827381944320,1064,2787,9228953
1220,695794761660297217,714,2939,9228953
1221,695629776980148225,1910,4236,9228953
1222,695446424020918272,1670,4126,9228953
1223,695409464418041856,3281,8070,9228953
1224,695314793360662529,1317,3373,9228953
1225,695095422348574720,554,2482,9229396
1226,695074328191332352,1003,2631,9228953
1227,695064344191721472,533,1493,9228953
1228,695051054296211456,727,2454,9228953
1229,694925794720792577,832,2521,9228953
1230,694905863685980160,850,2561,9228953
1231,694669722378485760,13185,33327,9228953
1232,694352839993344000,550,1892,9228953
1233,694342028726001664,439,1476,9228953
1234,694329668942569472,457,1844,9228953
1235,694206574471057408,1874,3847,9228953
1236,694183373896572928,849,2736,9228953
1237,694001791655137281,932,3171,9228953
1238,693993230313091072,367,1751,9228953
1239,693942351086120961,333,1636,9228953
1240,693647888581312512,524,2500,9228953
1241,693642232151285760,381,2375,9228953
1242,693629975228977152,727,2277,9229396
1243,693622659251335168,341,1429,9228953
1244,693590843962331137,1798,4692,9228954
1245,693486665285931008,578,1645,9228954
1246,693280720173801472,1134,3113,9228954
1247,693267061318012928,737,2214,9228954
1248,693262851218264065,456,2063,9228954
1249,693231807727280129,680,2687,9228954
1250,693155686491000832,2925,7323,9228954
1251,693109034023534592,556,1580,9228954
1252,693095443459342336,409,1716,9228954
1253,692919143163629568,704,2521,9228954
1254,692905862751522816,799,2258,9228954
1255,692901601640583168,547,1632,9228954
1256,692894228850999298,722,2099,9228954
1257,692828166163931137,810,2681,9228954
1258,692752401762250755,3343,6330,9228954
1259,692568918515392513,1409,4060,9228954
1260,692535307825213440,1244,2932,9228954
1261,692530551048294401,373,1720,9228954
1262,692417313023332352,3172,8733,9228954
1263,692187005137076224,753,2355,9228954
1264,692158366030913536,728,1989,9228954
1265,692041934689402880,1146,3146,9228954
1266,692017291282812928,880,2693,9228954
1267,691820333922455552,1508,3694,9228954
1268,691793053716221953,3866,7547,9228954
1269,691756958957883396,899,2626,9228954
1270,691675652215414786,464,1808,9228954
1271,691483041324204033,508,2221,9228954
1272,691459709405118465,1035,3763,9228954
1273,691444869282295808,759,2455,9228954
1274,691416866452082688,6976,18020,9228954
1275,691321916024623104,607,2405,9228954
1276,691096613310316544,806,2784,9228954
1277,691090071332753408,310,1612,9228954
1278,690989312272396288,2641,5493,9228954
1279,690959652130045952,1126,3335,9228954
1280,690938899477221376,1769,3802,9228954
1281,690932576555528194,918,3060,9228954
1282,690735892932222976,1163,3524,9228954
1283,690728923253055490,473,2018,9228954
1284,690690673629138944,758,2170,9228954
1285,690649993829576704,251,1210,9229397
1286,690597161306841088,556,1804,9228954
1287,690400367696297985,411,1755,9228954
1288,690374419777196032,771,2994,9228954
1289,690360449368465409,804,2470,9228954
1290,690348396616552449,471,1381,9228954
1291,690248561355657216,373,1554,9228954
1292,690021994562220032,936,2601,9228954
1293,690015576308211712,669,2329,9228954
1294,690005060500217858,1552,3409,9228954
1295,689999384604450816,333,1315,9228954
1296,689993469801164801,414,1359,9228954
1297,689977555533848577,412,1277,9228954
1298,689905486972461056,630,2276,9228954
1299,689877686181715968,1057,2824,9228954
1300,689835978131935233,694,2035,9228954
1301,689661964914655233,857,3020,9228954
1302,689659372465688576,3515,9617,9228954
1303,689623661272240129,586,2060,9228954
1304,689599056876867584,5067,10853,9228954
1305,689557536375177216,414,1914,9229339
1306,689517482558820352,1313,3164,9228954
1307,689289219123089408,857,2086,9228954
1308,689283819090870273,1010,3043,9228954
1309,689280876073582592,646,1839,9228954
1310,689275259254616065,228,1063,9228954
1311,689255633275777024,987,2382,9228954
1312,689154315265683456,907,2877,9228954
1313,689143371370250240,463,1878,9228954
1314,688916208532455424,779,2522,9228954
1315,688908934925697024,711,1957,9228954
1316,688898160958271489,714,1943,9228954
1317,688894073864884227,626,2074,9228954
1318,688828561667567616,328,1288,9228954
1319,688804835492233216,172,896,9228954
1320,688789766343622656,608,2071,9228954
1321,688547210804498433,635,2423,9228954
1322,688519176466644993,666,2168,9228954
1323,688385280030670848,4112,8628,9228954
1324,688211956440801280,766,2098,9228954
1325,688179443353796608,536,1993,9228954
1326,688116655151435777,705,2635,9228954
1327,688064179421470721,328,1615,9228954
1328,687841446767013888,2274,5060,9228954
1329,687826841265172480,1017,2539,9228954
1330,687818504314159109,875,2301,9228954
1331,687807801670897665,661,2210,9228954
1332,687732144991551489,604,1638,9228954
1333,687704180304273409,773,2259,9228954
1334,687664829264453632,476,1815,9228954
1335,687494652870668288,534,1772,9228954
1336,687480748861947905,222,1487,9228954
1337,687476254459715584,486,1839,9228954
1338,687460506001633280,496,1921,9228954
1339,687399393394311168,561,1764,9228954
1340,687317306314240000,8417,18813,9228954
1341,687312378585812992,1756,4053,9228954
1342,687127927494963200,2068,5012,9228954
1343,687124485711986689,466,2034,9228954
1344,687109925361856513,2260,5408,9228954
1345,687102708889812993,877,2184,9228954
1346,687096057537363968,555,2092,9228954
1347,686947101016735744,2929,8057,9228954
1348,686760001961103360,1270,3263,9228954
1349,686749460672679938,1328,3227,9228954
1350,686730991906516992,1100,3841,9228954
1351,686683045143953408,740,2634,9228954
1352,686618349602762752,1249,3437,9228954
1353,686606069955735556,498,1764,9229397
1354,686394059078897668,636,1614,9228954
1355,686386521809772549,795,3028,9228954
1356,686377065986265092,516,2066,9228954
1357,686358356425093120,606,2015,9228954
1358,686286779679375361,1537,3747,9228954
1359,686050296934563840,672,2079,9228954
1360,686034024800862208,1047,2868,9228954
1361,686007916130873345,367,2297,9228954
1362,686003207160610816,565,1692,9228954
1363,685973236358713344,479,1950,9228954
1364,685943807276412928,539,1514,9228954
1365,685906723014619143,2609,6943,9228954
1366,685667379192414208,511,2199,9228954
1367,685663452032069632,1343,2987,9228954
1368,685641971164143616,701,2710,9228954
1369,685547936038666240,14237,30620,9228954
1370,685532292383666176,1055,2832,9228954
1371,685325112850124800,3611,8737,9228954
1372,685321586178670592,585,2464,9228954
1373,685315239903100929,952,3060,9228954
1374,685307451701334016,400,1939,9228954
1375,685268753634967552,1086,2869,9228954
1376,685198997565345792,595,2155,9228954
1377,685169283572338688,1287,3814,9228954
1378,684959798585110529,2837,6334,9228954
1379,684940049151070208,948,2982,9228954
1380,684926975086034944,421,3247,9228954
1381,684914660081053696,1337,3244,9228954
1382,684902183876321280,473,1730,9228954
1383,684880619965411328,732,1935,9228954
1384,684830982659280897,19873,32597,9228954
1385,684800227459624960,910,2534,9228954
1386,684594889858887680,3204,8250,9228954
1387,684588130326986752,1289,3838,9228954
1388,684567543613382656,1113,2779,9228954
1389,684481074559381504,1081,3605,9228954
1390,684460069371654144,508,1834,9228954
1391,684241637099323392,2972,7537,9228954
1392,684222868335505415,1247,3553,9228954
1393,684200372118904832,950,1996,9228954
1394,684195085588783105,460,1772,9228954
1395,684188786104872960,1063,3253,9228954
1396,684177701129875456,597,1878,9228980
1397,684147889187209216,1383,2773,9228980
1398,684122891630342144,426,1872,9228980
1399,684097758874210310,1308,3823,9228980
1400,683857920510050305,1025,3545,9228980
1401,683852578183077888,317,1802,9228980
1402,683849932751646720,861,2431,9228980
1403,683834909291606017,1029,2435,9228980
1404,683828599284170753,976,2605,9228980
1405,683773439333797890,1227,3097,9228980
1406,683742671509258241,3035,6013,9228980
1407,683515932363329536,2642,6840,9228980
1408,683498322573824003,882,2954,9228980
1409,683481228088049664,913,2473,9228980
1410,683462770029932544,623,2261,9228980
1411,683449695444799489,1466,3604,9228980
1412,683391852557561860,2196,7108,9228980
1413,683357973142474752,829,2692,9228980
1414,683142553609318400,948,2661,9228980
1415,683111407806746624,825,3165,9228980
1416,683098815881154561,594,2018,9228980
1417,683078886620553216,522,1868,9228980
1418,683030066213818368,677,2013,9228980
1419,682962037429899265,15003,34049,9228980
1420,682788441537560576,1026,2303,9228980
1421,682750546109968385,400,1410,9228980
1422,682697186228989953,336,1223,9228980
1423,682662431982772225,995,2840,9228980
1424,682638830361513985,537,1918,9228980
1425,682429480204398592,1053,3205,9228980
1426,682406705142087680,1597,7025,9228980
1427,682393905736888321,602,2090,9228980
1428,682389078323662849,431,1554,9228980
1429,682303737705140231,892,2847,9228980
1430,682259524040966145,1086,3840,9228980
1431,682242692827447297,1051,2993,9228980
1432,682088079302213632,8960,16901,9228980
1433,682059653698686977,1550,4576,9228980
1434,682047327939461121,854,2964,9228980
1435,682032003584274432,1816,6110,9228980
1436,682003177596559360,1378,2889,9228980
1437,681981167097122816,931,2611,9228980
1438,681891461017812993,753,2287,9228980
1439,681694085539872773,3727,11916,9228980
1440,681679526984871937,401,1641,9228980
1441,681654059175129088,823,2439,9228980
1442,681610798867845120,425,1746,9228980
1443,681579835668455424,1186,3277,9228980
1444,681523177663676416,5255,13267,9228980
1445,681339448655802368,3727,8615,9228980
1446,681320187870711809,676,2438,9228980
1447,681302363064414209,1637,3626,9228980
1448,681297372102656000,868,2987,9228980
1449,681281657291280384,1006,2991,9228980
1450,681261549936340994,239,1337,9228980
1451,681242418453299201,478,1374,9228980
1452,681231109724700672,443,2252,9228980
1453,681193455364796417,1350,3440,9228980
1454,680970795137544192,591,2229,9228980
1455,680959110691590145,1834,4245,9228980
1456,680940246314430465,945,2949,9228980
1457,680934982542561280,399,1935,9228980
1458,680913438424612864,569,2233,9228980
1459,680889648562991104,331,1625,9228980
1460,680836378243002368,1193,3208,9228980
1461,680805554198020098,612,2000,9228980
1462,680801747103793152,751,2208,9228980
1463,680798457301471234,945,2622,9229365
1464,680609293079592961,635,2428,9228980
1465,680583894916304897,1202,3336,9228980
1466,680497766108381184,1754,3927,9228980
1467,680494726643068929,444,1583,9228980
1468,680473011644985345,683,2359,9228980
1469,680440374763077632,447,1337,9228980
1470,680221482581123072,266,1369,9228980
1471,680206703334408192,1060,2613,9228980
1472,680191257256136705,447,1996,9228980
1473,680176173301628928,1409,3588,9228980
1474,680161097740095489,677,2157,9228980
1475,680145970311643136,1576,3350,9228980
1476,680130881361686529,862,2127,9228980
1477,680115823365742593,835,2516,9228980
1478,680100725817409536,1264,3331,9228980
1479,680085611152338944,8216,11841,9228980
1480,680070545539371008,784,2405,9228980
1481,679877062409191424,588,1821,9228980
1482,679872969355714560,601,2027,9228980
1483,679862121895714818,562,2277,9228980
1484,679854723806179328,1112,2629,9228980
1485,679844490799091713,693,2203,9228980
1486,679828447187857408,12700,33422,9228980
1487,679777920601223168,1003,2872,9228980
1488,679736210798047232,725,1925,9228980
1489,679729593985699840,756,2002,9228980
1490,679722016581222400,428,1546,9228980
1491,679530280114372609,1903,4406,9228980
1492,679527802031484928,655,2441,9228980
1493,679511351870550016,1151,3096,9228980
1494,679503373272485890,1346,2934,9228980
1495,679475951516934144,588,1937,9228980
1496,679462823135686656,17107,29409,9228980
1497,679405845277462528,1079,2193,9228980
1498,679158373988876288,7288,19564,9228980
1499,679148763231985668,940,2570,9228980
1500,679132435750195208,1043,2730,9228980
1501,679111216690831360,2329,5476,9228980
1502,679062614270468097,7260,15589,9228980
1503,679047485189439488,591,2064,9228980
1504,679001094530465792,1103,2618,9228980
1505,678991772295516161,1028,2088,9228980
1506,678969228704284672,415,1504,9228980
1507,678800283649069056,825,2367,9228980
1508,678798276842360832,1037,3176,9228980
1509,678774928607469569,825,2587,9228980
1510,678767140346941444,1243,3253,9228980
1511,678764513869611008,423,1491,9228980
1512,678755239630127104,2949,6528,9228980
1513,678740035362037760,1500,3423,9228980
1514,678708137298427904,2207,5179,9228980
1515,678675843183484930,1325,2620,9228980
1516,678643457146150913,362,1888,9228980
1517,678446151570427904,1383,3680,9228980
1518,678424312106393600,2302,5027,9228980
1519,678410210315247616,1621,3855,9228980
1520,678399652199309312,28832,74047,9228980
1521,678396796259975168,377,1468,9228980
1522,678389028614488064,384,1718,9228980
1523,678380236862578688,826,2258,9228980
1524,678341075375947776,475,1585,9228980
1525,678334497360859136,226,1188,9228980
1526,678278586130948096,5532,10476,9228980
1527,678255464182861824,332,1463,9228980
1528,678021115718029313,5675,12458,9228980
1529,677961670166224897,1533,3155,9228980
1530,677918531514703872,367,1229,9228980
1531,677895101218201600,1855,4417,9228980
1532,677716515794329600,885,2801,9228980
1533,677700003327029250,1301,3131,9228980
1534,677698403548192770,291,1124,9228980
1535,677687604918272002,763,2276,9228980
1536,677673981332312066,1360,3051,9228980
1537,677662372920729601,854,1788,9228980
1538,677644091929329666,732,1721,9228980
1539,677573743309385728,608,1947,9228980
1540,677565715327688705,415,1201,9228980
1541,677557565589463040,1030,2244,9228980
1542,677547928504967168,3322,6365,9228980
1543,677530072887205888,206,974,9228980
1544,677335745548390400,1563,2779,9228980
1545,677334615166730240,253,1232,9228980
1546,677331501395156992,212,992,9228980
1547,677328882937298944,1360,3359,9228980
1548,677314812125323265,475,1512,9228980
1549,677301033169788928,356,1121,9228980
1550,677269281705472000,637,1806,9229423
1551,677228873407442944,1477,3232,9228980
1552,677187300187611136,816,2503,9228980
1553,676975532580409345,957,2544,9228980
1554,676957860086095872,727,2043,9228980
1555,676949632774234114,353,1195,9228980
1556,676948236477857792,782,1975,9228980
1557,676946864479084545,330,1585,9228980
1558,676942428000112642,674,1891,9228980
1559,676936541936185344,4470,11702,9228980
1560,676916996760600576,1630,2714,9228980
1561,676897532954456065,652,2065,9228980
1562,676864501615042560,633,1909,9228980
1563,676821958043033607,13912,20870,9228980
1564,676819651066732545,602,1664,9228980
1565,676811746707918848,385,1318,9228980
1566,676776431406465024,1813,4555,9228980
1567,676617503762681856,858,2629,9228980
1568,676613908052996102,179,994,9228980
1569,676606785097199616,392,1733,9228980
1570,676603393314578432,344,1049,9228980
1571,676593408224403456,1909,4168,9228980
1572,676588346097852417,703,2089,9228980
1573,676582956622721024,252,1087,9228980
1574,676575501977128964,996,2346,9228980
1575,676533798876651520,494,1711,9228980
1576,676496375194980353,471,1382,9228980
1577,676470639084101634,4205,10658,9228980
1578,676440007570247681,595,1574,9228980
1579,676430933382295552,305,1272,9228980
1580,676263575653122048,487,1901,9228980
1581,676237365392908289,253,1096,9228980
1582,676219687039057920,27998,71445,9228980
1583,676215927814406144,519,1584,9228980
1584,676191832485810177,929,2070,9228980
1585,676146341966438401,597,1764,9228980
1586,676121918416756736,1035,1978,9228980
1587,676101918813499392,1056,2597,9228980
1588,676098748976615425,1257,2700,9228980
1589,676089483918516224,393,1191,9228980
1590,675898130735476737,512,1458,9228980
1591,675891555769696257,772,1941,9228980
1592,675888385639251968,845,2137,9228980
1593,675878199931371520,1247,3801,9228980
1594,675853064436391936,1144,2452,9228980
1595,675845657354215424,784,2063,9228980
1596,675822767435051008,481,1391,9228980
1597,675820929667219457,209,963,9228980
1598,675798442703122432,3074,9389,9228980
1599,675781562965868544,423,1466,9228980
1600,675740360753160193,299,1070,9228980
1601,675710890956750848,726,1701,9228980
1602,675706639471788032,86,589,9228980
1603,675534494439489536,365,1673,9228980
1604,675531475945709568,335,1078,9228980
1605,675522403582218240,251,948,9228980
1606,675517828909424640,413,1162,9228980
1607,675501075957489664,5267,15692,9228980
1608,675497103322386432,1148,2843,9228980
1609,675489971617296384,531,1163,9228980
1610,675483430902214656,860,1676,9228980
1611,675432746517426176,505,1371,9228980
1612,675372240448454658,459,1537,9228980
1613,675362609739206656,197,951,9228980
1614,675354435921575936,14978,29638,9228980
1615,675334060156301312,1141,2500,9228980
1616,675166823650848770,1391,3197,9228980
1617,675153376133427200,2281,5641,9229423
1618,675149409102012420,1518,3381,9228980
1619,675147105808306176,201,846,9228980
1620,675146535592706048,257,1065,9228980
1621,675145476954566656,789,1929,9228980
1622,675135153782571009,416,1174,9228980
1623,675113801096802304,691,1754,9228980
1624,675111688094527488,214,872,9228980
1625,675109292475830276,1004,2535,9228980
1626,675047298674663426,276,937,9228980
1627,675015141583413248,1050,2444,9228980
1628,675006312288268288,202,879,9228980
1629,675003128568291329,407,1402,9228980
1630,674805413498527744,320,771,9228981
1631,674800520222154752,757,2718,9228981
1632,674790488185167872,219,996,9228981
1633,674788554665512960,183,726,9228981
1634,674781762103414784,1054,1816,9228981
1635,674774481756377088,416,997,9228981
1636,674767892831932416,694,1637,9228981
1637,674764817387900928,202,704,9228981
1638,674752233200820224,404,1314,9228981
1639,674743008475090944,471,1264,9228981
1640,674739953134403584,330,977,9228981
1641,674737130913071104,81,582,9228981
1642,674690135443775488,413,1034,9228981
1643,674670581682434048,573,1459,9228981
1644,674664755118911488,206,818,9228981
1645,674646392044941312,430,1292,9228981
1646,674644256330530816,246,938,9228981
1647,674638615994089473,520,1528,9228981
1648,674632714662858753,506,1351,9228981
1649,674468880899788800,1797,5611,9228981
1650,674447403907457024,315,962,9228981
1651,674436901579923456,345,994,9228981
1652,674422304705744896,471,1293,9228981
1653,674416750885273600,118,616,9228981
1654,674410619106390016,405,1078,9228981
1655,674394782723014656,495,1347,9228981
1656,674372068062928900,280,769,9228981
1657,674318007229923329,456,1263,9228981
1658,674307341513269249,6098,10216,9228981
1659,674291837063053312,5185,13281,9228981
1660,674271431610523648,650,1409,9228981
1661,674269164442398721,205,830,9228981
1662,674265582246694913,735,1468,9228981
1663,674262580978937856,387,1189,9228981
1664,674255168825880576,471,1314,9228981
1665,674082852460433408,145,686,9228981
1666,674075285688614912,248,897,9228981
1667,674063288070742018,1922,5775,9228981
1668,674053186244734976,1138,2972,9228981
1669,674051556661161984,434,1302,9229366
1670,674045139690631169,568,1274,9228981
1671,674042553264685056,111,639,9228981
1672,674038233588723717,372,987,9228981
1673,674036086168010753,181,768,9228981
1674,674024893172875264,1094,1595,9228981
1675,674019345211760640,268,1024,9228981
1676,674014384960745472,566,1401,9228981
1677,674008982932058114,305,1089,9228981
1678,673956914389192708,846,1766,9228981
1679,673919437611909120,328,1060,9228981
1680,673906403526995968,1450,2867,9228981
1681,673887867907739649,223,848,9228981
1682,673715861853720576,1826,3194,9228981
1683,673711475735838725,266,946,9228981
1684,673709992831262724,238,760,9228981
1685,673708611235921920,257,955,9228981
1686,673707060090052608,348,986,9229366
1687,673705679337693185,361,1131,9228981
1688,673700254269775872,505,1287,9228981
1689,673697980713705472,1709,3537,9228981
1690,673689733134946305,574,1562,9228981
1691,673688752737402881,442,1138,9228981
1692,673686845050527744,382,1285,9228981
1693,673680198160809984,419,1239,9228981
1694,673662677122719744,329,1137,9228981
1695,673656262056419329,202,654,9228981
1696,673636718965334016,317,999,9228981
1697,673612854080196609,634,1437,9228981
1698,673583129559498752,318,1073,9228981
1699,673580926094458881,241,744,9228981
1700,673576835670777856,492,1240,9228981
1701,673363615379013632,268,933,9228981
1702,673359818736984064,597,1302,9228981
1703,673355879178194945,500,1355,9228981
1704,673352124999274496,477,1503,9228981
1705,673350198937153538,185,691,9228981
1706,673345638550134785,1114,2245,9228981
1707,673343217010679808,237,868,9228981
1708,673342308415348736,496,1145,9229366
1709,673320132811366400,6941,12068,9228981
1710,673317986296586240,218,787,9228981
1711,673295268553605120,2775,6782,9228981
1712,673270968295534593,316,964,9228981
1713,673240798075449344,620,1287,9228981
1714,673213039743795200,732,1991,9228981
1715,673148804208660480,552,1503,9228981
1716,672997845381865473,634,1763,9228981
1717,672995267319328768,257,851,9228981
1718,672988786805112832,254,881,9228981
1719,672984142909456390,475,1123,9228981
1720,672980819271634944,895,1634,9228981
1721,672975131468300288,788,1510,9228981
1722,672970152493887488,309,847,9228981
1723,672968025906282496,477,1194,9228981
1724,672964561327235073,558,1267,9228981
1725,672902681409806336,430,1235,9228981
1726,672898206762672129,364,801,9228981
1727,672884426393653248,737,1377,9228981
1728,672877615439593473,307,913,9228981
1729,672834301050937345,506,1162,9228981
1730,672828477930868736,421,1117,9228981
1731,672640509974827008,276,879,9228981
1732,672622327801233409,424,1159,9228981
1733,672614745925664768,515,1098,9228981
1734,672609152938721280,338,978,9228981
1735,672604026190569472,342,979,9228981
1736,672594978741354496,535,1185,9228981
1737,672591762242805761,289,851,9228981
1738,672591271085670400,160,647,9228981
1739,672538107540070400,319,913,9228981
1740,672523490734551040,147,555,9229366
1741,672488522314567680,380,998,9228981
1742,672482722825261057,521,996,9228981
1743,672481316919734272,111,646,9228981
1744,672475084225949696,614,1304,9228981
1745,672466075045466113,453,1201,9228981
1746,672272411274932228,2956,5767,9228981
1747,672267570918129665,543,1323,9228981
1748,672264251789176834,290,1017,9228981
1749,672256522047614977,1337,2540,9228981
1750,672254177670729728,656,1285,9228981
1751,672248013293752320,527,1549,9228981
1752,672245253877968896,134,613,9228981
1753,672239279297454080,278,809,9228981
1754,672231046314901505,884,1631,9228981
1755,672222792075620352,176,708,9228981
1756,672205392827572224,1017,2002,9228981
1757,672169685991993344,321,910,9228981
1758,672160042234327040,305,774,9228981
1759,672139350159835138,599,1558,9228981
1760,672125275208069120,1000,2129,9228981
1761,672095186491711488,328,886,9228981
1762,672082170312290304,322,842,9228981
1763,672068090318987265,444,1148,9228981
1764,671896809300709376,3699,7677,9228981
1765,671891728106971137,491,1178,9228981
1766,671882082306625538,1227,3130,9228981
1767,671879137494245376,583,1261,9228981
1768,671874878652489728,483,1113,9228981
1769,671866342182637568,423,1005,9228981
1770,671855973984772097,376,800,9228981
1771,671789708968640512,3027,6361,9228981
1772,671768281401958400,437,1063,9228981
1773,671763349865160704,787,1500,9228981
1774,671744970634719232,671,1217,9228981
1775,671743150407421952,203,675,9228981
1776,671735591348891648,663,1297,9228981
1777,671561002136281088,6367,11459,9228981
1778,671547767500775424,501,1212,9228981
1779,671544874165002241,895,1740,9228981
1780,671542985629241344,489,967,9228981
1781,671538301157904385,338,837,9228981
1782,671536543010570240,348,1047,9228981
1783,671533943490011136,500,903,9228981
1784,671528761649688577,219,746,9228981
1785,671520732782923777,459,1230,9228981
1786,671518598289059840,255,840,9228981
1787,671511350426865664,610,1435,9229424
1788,671504605491109889,3151,6278,9228981
1789,671497587707535361,394,832,9228981
1790,671488513339211776,418,886,9228981
1791,671486386088865792,174,512,9228981
1792,671485057807351808,198,681,9228981
1793,671390180817915904,661,1285,9228981
1794,671362598324076544,258,988,9228981
1795,671357843010908160,133,350,9228981
1796,671355857343524864,105,423,9228981
1797,671347597085433856,374,839,9228981
1798,671186162933985280,181,643,9228981
1799,671182547775299584,290,982,9228981
1800,671166507850801152,303,786,9228981
1801,671163268581498880,975,1466,9228981
1802,671159727754231808,70,315,9228981
1803,671154572044468225,187,628,9228981
1804,671151324042559489,130,591,9228981
1805,671147085991960577,194,589,9228981
1806,671141549288370177,576,1029,9228981
1807,671138694582165504,347,826,9228981
1808,671134062904504320,165,658,9228981
1809,671122204919246848,2203,3102,9228981
1810,671115716440031232,681,1222,9228981
1811,671109016219725825,383,1020,9228981
1812,670995969505435648,248,978,9228981
1813,670842764863651840,7639,22241,9228981
1814,670840546554966016,167,523,9228981
1815,670838202509447168,603,991,9228981
1816,670833812859932673,109,381,9228981
1817,670832455012716544,187,649,9228981
1818,670826280409919488,3537,4901,9228981
1819,670823764196741120,162,679,9228981
1820,670822709593571328,83,545,9228981
1821,670815497391357952,1334,2802,9228981
1822,670811965569282048,232,992,9228981
1823,670807719151067136,430,1052,9228981
1824,670804601705242624,830,1750,9228981
1825,670803562457407488,79,307,9228981
1826,670797304698376195,206,662,9228981
1827,670792680469889025,239,737,9228981
1828,670789397210615808,210,589,9228981
1829,670786190031921152,171,535,9228981
1830,670783437142401025,335,734,9228981
1831,670782429121134593,664,1360,9228981
1832,670780561024270336,251,704,9228981
1833,670778058496974848,62,300,9228981
1834,670764103623966721,376,964,9228981
1835,670755717859713024,89,393,9228981
1836,670733412878163972,452,852,9228981
1837,670727704916926465,316,743,9228981
1838,670717338665226240,422,1064,9228981
1839,670704688707301377,322,689,9228981
1840,670691627984359425,211,522,9229366
1841,670679630144274432,245,670,9228981
1842,670676092097810432,35,216,9228981
1843,670668383499735048,4365,9523,9228981
1844,670474236058800128,637,1343,9228981
1845,670468609693655041,77,318,9228981
1846,670465786746662913,476,863,9228981
1847,670452855871037440,175,491,9228981
1848,670449342516494336,573,1081,9228981
1849,670444955656130560,1749,6098,9228981
1850,670442337873600512,176,582,9228981
1851,670435821946826752,445,945,9228981
1852,670434127938719744,565,1265,9228981
1853,670433248821026816,100,297,9228981
1854,670428280563085312,530,1241,9228981
1855,670427002554466305,142,468,9228981
1856,670421925039075328,555,1153,9228981
1857,670420569653809152,268,545,9228981
1858,670417414769758208,286,506,9228981
1859,670411370698022913,777,1802,9228981
1860,670408998013820928,190,489,9228981
1861,670403879788544000,131,378,9228981
1862,670385711116361728,175,496,9228981
1863,670374371102445568,238,675,9228981
1864,670361874861563904,56,291,9228981
1865,670338931251150849,96,379,9228981
1866,670319130621435904,1075,3497,9228981
1867,670303360680108032,109,388,9228981
1868,670290420111441920,251,626,9228981
1869,670093938074779648,282,919,9228982
1870,670086499208155136,221,625,9228982
1871,670079681849372674,1065,1972,9228982
1872,670073503555706880,685,1394,9228982
1873,670069087419133954,206,559,9228982
1874,670061506722140161,290,670,9228982
1875,670055038660800512,281,598,9228982
1876,670046952931721218,153,577,9228982
1877,670040295598354432,97,670,9228982
1878,670037189829525505,241,530,9228982
1879,670003130994700288,78,296,9228982
1880,669993076832759809,70,290,9228982
1881,669972011175813120,136,398,9228982
1882,669970042633789440,44,272,9228982
1883,669942763794931712,135,447,9228982
1884,669926384437997569,81,341,9228982
1885,669923323644657664,50,204,9228982
1886,669753178989142016,344,713,9228982
1887,669749430875258880,55,230,9228982
1888,669683899023405056,94,340,9228982
1889,669682095984410625,116,313,9228982
1890,669680153564442624,246,594,9228982
1891,669661792646373376,369,720,9228982
1892,669625907762618368,1581,3147,9228982
1893,669603084620980224,317,858,9228982
1894,669597912108789760,134,451,9228982
1895,669583744538451968,813,1329,9228982
1896,669573570759163904,121,392,9228982
1897,669571471778410496,892,1417,9228982
1898,669567591774625800,45,203,9228982
1899,669564461267722241,105,339,9228982
1900,669393256313184256,62,317,9228982
1901,669375718304980992,637,1181,9228982
1902,669371483794317312,148,440,9228982
1903,669367896104181761,132,409,9228982
1904,669363888236994561,202,559,9228982
1905,669359674819481600,103,332,9228982
1906,669354382627049472,1099,2404,9228982
1907,669351434509529089,159,383,9228982
1908,669328503091937280,369,911,9228982
1909,669327207240699904,102,500,9228982
1910,669324657376567296,182,442,9228982
1911,669216679721873412,349,1065,9228982
1912,669214165781868544,135,387,9228982
1913,669203728096960512,410,895,9228982
1914,669037058363662336,268,582,9228982
1915,669015743032369152,325,656,9228982
1916,669006782128353280,210,516,9228982
1917,669000397445533696,5568,18840,9228982
1918,668994913074286592,194,391,9228982
1919,668992363537309700,294,662,9228982
1920,668989615043424256,288,598,9228982
1921,668988183816871936,392,804,9228982
1922,668986018524233728,140,484,9228982
1923,668981893510119424,261,488,9228982
1924,668979806671884288,295,709,9228982
1925,668975677807423489,503,1162,9228982
1926,668960084974809088,212,622,9228982
1927,668955713004314625,63,242,9228982
1928,668932921458302977,50,229,9228982
1929,668902994700836864,88,277,9228982
1930,668892474547511297,128,357,9228982
1931,668872652652679168,268,478,9228982
1932,668852170888998912,139,411,9228982
1933,668826086256599040,113,384,9228982
1934,668815180734689280,227,501,9228982
1935,668779399630725120,327,636,9228982
1936,668655139528511488,192,479,9228982
1937,668645506898350081,462,785,9228982
1938,668643542311546881,450,792,9228982
1939,668641109086707712,471,952,9228982
1940,668636665813057536,436,926,9228982
1941,668633411083464705,1393,2481,9228982
1942,668631377374486528,283,627,9228982
1943,668627278264475648,97,282,9228982
1944,668625577880875008,112,332,9228982
1945,668623201287675904,655,1255,9228982
1946,668620235289837568,35,182,9228982
1947,668614819948453888,274,548,9228982
1948,668587383441514497,931,1488,9228982
1949,668567822092664832,47,208,9228982
1950,668544745690562560,198,453,9228982
1951,668542336805281792,183,403,9228982
1952,668537837512433665,61,226,9228982
1953,668528771708952576,190,408,9228982
1954,668507509523615744,88,282,9228982
1955,668496999348633600,115,363,9228982
1956,668484198282485761,209,373,9228982
1957,668480044826800133,128,402,9228982
1958,668466899341221888,444,778,9228982
1959,668297328638447616,256,558,9228982
1960,668291999406125056,28,213,9228982
1961,668286279830867968,119,440,9228982
1962,668274247790391296,198,729,9228982
1963,668268907921326080,207,488,9228982
1964,668256321989451776,521,1157,9228982
1965,668248472370458624,411,845,9228982
1966,668237644992782336,2451,5499,9228982
1967,668226093875376128,85,251,9228982
1968,668221241640230912,171,455,9228982
1969,668204964695683073,173,494,9228982
1970,668190681446379520,171,581,9228982
1971,668171859951755264,162,428,9228982
1972,668154635664932864,273,444,9228982
1973,668142349051129856,241,512,9228982
1974,668113020489474048,208,590,9228982
1975,667937095915278337,698,1117,9228982
1976,667924896115245057,96,265,9228982
1977,667915453470232577,46,185,9229367
1978,667911425562669056,248,433,9228982
1979,667902449697558528,337,765,9228982
1980,667886921285246976,914,1654,9228982
1981,667885044254572545,403,735,9228982
1982,667878741721415682,101,349,9228982
1983,667873844930215936,345,556,9228982
1984,667866724293877760,906,2736,9228982
1985,667861340749471744,69,221,9228982
1986,667832474953625600,55,257,9228982
1987,667806454573760512,423,937,9228982
1988,667801013445750784,82,286,9228982
1989,667793409583771648,288,613,9228982
1990,667782464991965184,210,365,9228982
1991,667773195014021121,44,207,9228982
1992,667766675769573376,187,379,9228982
1993,667728196545200128,128,325,9228982
1994,667724302356258817,272,427,9228982
1995,667549055577362432,1978,5148,9228982
1996,667546741521195010,109,303,9228982
1997,667544320556335104,462,767,9228982
1998,667538891197542400,58,176,9228982
1999,667534815156183040,452,727,9228982
2000,667530908589760512,208,414,9228982
2001,667524857454854144,975,1515,9228982
2002,667517642048163840,167,333,9228982
2003,667509364010450944,1871,6119,9228982
2004,667502640335572993,195,486,9228982
2005,667495797102141441,232,459,9228982
2006,667491009379606528,193,461,9228982
2007,667470559035432960,85,225,9228982
2008,667455448082227200,53,171,9228982
2009,667453023279554560,75,281,9228982
2010,667443425659232256,494,684,9228982
2011,667437278097252352,203,399,9228982
2012,667435689202614272,77,271,9228982
2013,667405339315146752,197,417,9228982
2014,667393430834667520,50,170,9228982
2015,667369227918143488,145,330,9228982
2016,667211855547486208,211,430,9228982
2017,667200525029539841,230,549,9228982
2018,667192066997374976,87,334,9228982
2019,667188689915760640,335,647,9228982
2020,667182792070062081,5320,12646,9228982
2021,667177989038297088,48,168,9228982
2022,667176164155375616,392,530,9228982
2023,667174963120574464,70,219,9228982
2024,667171260800061440,72,187,9228982
2025,667165590075940865,979,2391,9228982
2026,667160273090932737,53,222,9228982
2027,667152164079423490,14734,42586,9228982
2028,667138269671505920,1884,4042,9228982
2029,667119796878725120,108,290,9228982
2030,667090893657276420,107,291,9228982
2031,667073648344346624,104,354,9228982
2032,667065535570550784,40,144,9228983
2033,667062181243039745,45,192,9228983
2034,667044094246576128,43,163,9228983
2035,667012601033924608,188,397,9228983
2036,666996132027977728,79,216,9228983
2037,666983947667116034,849,2262,9228983
2038,666837028449972224,475,709,9228983
2039,666835007768551424,67,186,9228983
2040,666826780179869698,80,221,9228983
2041,666817836334096384,214,447,9228983
2042,666804364988780544,79,206,9228983
2043,666786068205871104,413,662,9228983
2044,666781792255496192,169,331,9229426
2045,666776908487630848,150,306,9228983
2046,666739327293083650,60,209,9228983
2047,666701168228331520,183,372,9228983
2048,666691418707132416,42,161,9228983
2049,666649482315059201,531,1000,9228983
2050,666644823164719104,71,210,9228983
2051,666454714377183233,184,450,9228983
2052,666447344410484738,19,90,9228983
2053,666437273139982337,40,106,9228983
2054,666435652385423360,42,139,9228983
2055,666430724426358785,163,280,9228983
2056,666428276349472768,67,139,9228983
2057,666421158376562688,93,277,9228983
2058,666418789513326592,39,108,9228983
2059,666411507551481857,263,374,9228983
2060,666407126856765440,30,93,9228983
2061,666396247373291520,69,148,9228983
2062,666373753744588802,73,163,9228983
2063,666362758909284353,471,655,9228983
2064,666353288456101888,58,179,9228983
2065,666345417576210432,126,248,9228983
2066,666337882303524864,80,168,9228983
2067,666293911632134144,294,431,9228983
2068,666287406224695296,57,124,9228983
2069,666273097616637952,68,152,9228983
2070,666268910803644416,38,99,9228983
2071,666104133288665088,5517,12994,9228983
2072,666102155909144576,11,66,9228983
2073,666099513787052032,54,134,9228983
2074,666094000022159362,64,143,9228983
2075,666082916733198337,38,93,9228983
2076,666073100786774016,132,274,9228983
2077,666071193221509120,51,128,9228983
2078,666063827256086533,181,403,9228983
2079,666058600524156928,47,99,9228983
2080,666057090499244032,113,252,9228983
2081,666055525042405380,199,368,9228983
2082,666051853826850816,710,1034,9228983
2083,666050758794694657,50,115,9228983
2084,666049248165822465,37,89,9228983
2085,666044226329800704,116,247,9228983
2086,666033412701032449,36,100,9228983
2087,666029285002620928,39,112,9228983
2088,666020888022790149,424,2308,9228983
